{
  "lang":"en",
  "name":"pipeline",
  "version":"0.0.0",
  "spacy_version":">=3.0.6,<3.1.0",
  "description":"",
  "author":"",
  "email":"",
  "url":"",
  "license":"",
  "spacy_git_version":"df3444421",
  "vectors":{
    "width":0,
    "vectors":0,
    "keys":0,
    "name":null
  },
  "labels":{
    "tok2vec":[

    ],
    "ner":[
      "Categorical Dimension",
      "Goal Measure",
      "Measure",
      "Timeline"
    ]
  },
  "pipeline":[
    "tok2vec",
    "ner"
  ],
  "components":[
    "tok2vec",
    "ner"
  ],
  "disabled":[

  ],
  "performance":{
    "ents_per_type":{
      "Measure":{
        "p":0.9916897507,
        "r":0.9961046188,
        "f":0.9938922821
      },
      "Categorical Dimension":{
        "p":0.9946075494,
        "r":0.9963985594,
        "f":0.9955022489
      },
      "Goal Measure":{
        "p":1.0,
        "r":0.9882352941,
        "f":0.9940828402
      },
      "Timeline":{
        "p":0.9837398374,
        "r":0.9837398374,
        "f":0.9837398374
      }
    },
    "ents_f":0.9942872688,
    "ents_p":0.992936702,
    "ents_r":0.9956415146,
    "tok2vec_loss":212.6058830837,
    "ner_loss":702.1223493421
  }
}